a0,Student,2,1817,13,869,889,-130,-523,-132,-518,-91,-504,-101,-486
a1,Student,2,1817,13,869,889,-130,-523,-132,-518,-91,-504,-101,-486
a2,Student,2,1817,13,869,889,-130,-523,-132,-518,-91,-504,-101,-486
a3,Student,2,1817,13,869,889,-130,-523,-132,-518,-91,-504,-101,-486
a4,Student,2,1817,66,869,889,-130,-523,-161,-542,-91,-504,-101,-486
a5,Student,2,1817,12,869,889,-130,-523,-134,-517,-91,-504,-101,-486
a6,Student,2,1817,66,869,889,-130,-523,-161,-542,-91,-504,-101,-486
a7,Student,2,1817,25,869,889,-130,-523,-115,-517,-91,-504,-101,-486
a8,Student,2,1817,220,869,889,-130,-523,-126,-499,-91,-504,-101,-486
a9,Student,2,1817,66,869,889,-130,-523,-161,-542,-91,-504,-101,-486
a10,Student,2,1817,112,869,889,-130,-523,-118,-513,-91,-504,-101,-486
a11,Student,2,1817,29,869,889,-130,-523,-117,-505,-91,-504,-101,-486
a12,Student,2,1899,112,869,1011,-134,-526,-118,-513,-91,-504,-123,-476
a13,Student,2,1899,112,869,1011,-134,-526,-118,-513,-91,-504,-123,-476
a14,Student,2,1899,13,869,1011,-134,-526,-132,-518,-91,-504,-123,-476
a15,Student,2,1899,66,869,1011,-134,-526,-161,-542,-91,-504,-123,-476
a16,Student,2,1899,112,869,1011,-134,-526,-118,-513,-91,-504,-123,-476
a17,Student,2,1899,12,869,1011,-134,-526,-134,-517,-91,-504,-123,-476
a18,Student,2,1899,29,869,1011,-134,-526,-117,-505,-91,-504,-123,-476
a19,Student,2,1899,220,869,1011,-134,-526,-126,-499,-91,-504,-123,-476
a20,Student,2,1899,12,869,1011,-134,-526,-134,-517,-91,-504,-123,-476
a21,Student,2,1899,14,869,1011,-134,-526,-131,-518,-91,-504,-123,-476
a22,Student,2,1899,27,869,1011,-134,-526,-120,-502,-91,-504,-123,-476
a23,Student,2,1899,12,869,1011,-134,-526,-134,-517,-91,-504,-123,-476
a24,Student,2,1902,66,869,864,-116,-528,-161,-542,-91,-504,-87,-500
a25,Student,2,1902,12,869,864,-116,-528,-134,-517,-91,-504,-87,-500
a26,Student,2,1902,215,869,864,-116,-528,-132,-514,-91,-504,-87,-500
a27,Student,2,1902,5,869,864,-116,-528,-130,-511,-91,-504,-87,-500
a28,Student,2,1902,66,869,864,-116,-528,-161,-542,-91,-504,-87,-500
a29,Student,2,1902,29,869,864,-116,-528,-117,-505,-91,-504,-87,-500
a30,Student,2,1902,12,869,864,-116,-528,-134,-517,-91,-504,-87,-500
a31,Student,2,1902,29,869,864,-116,-528,-117,-505,-91,-504,-87,-500
a32,Student,2,1902,29,869,864,-116,-528,-117,-505,-91,-504,-87,-500
a33,Student,2,1902,112,869,864,-116,-528,-118,-513,-91,-504,-87,-500
a34,Student,2,1902,29,869,864,-116,-528,-117,-505,-91,-504,-87,-500
a35,Student,2,1902,214,869,864,-116,-528,-133,-511,-91,-504,-87,-500
a36,Student,2,1902,12,869,864,-116,-528,-134,-517,-91,-504,-87,-500
a37,Student,2,1902,13,869,864,-116,-528,-132,-518,-91,-504,-87,-500
a38,Student,2,1902,13,869,864,-116,-528,-132,-518,-91,-504,-87,-500
a39,Student,2,1902,66,869,864,-116,-528,-161,-542,-91,-504,-87,-500
a40,Student,2,1902,66,869,864,-116,-528,-161,-542,-91,-504,-87,-500
a41,Student,2,1902,12,869,864,-116,-528,-134,-517,-91,-504,-87,-500
a42,Student,2,1902,112,869,864,-116,-528,-118,-513,-91,-504,-87,-500
a43,Student,2,1902,25,869,864,-116,-528,-115,-517,-91,-504,-87,-500
a44,Student,2,1902,214,869,864,-116,-528,-133,-511,-91,-504,-87,-500
a45,Student,2,1902,112,869,864,-116,-528,-118,-513,-91,-504,-87,-500
a46,Student,2,1902,25,869,864,-116,-528,-115,-517,-91,-504,-87,-500
a47,Student,2,1902,12,869,864,-116,-528,-134,-517,-91,-504,-87,-500
a48,Student,2,1902,215,869,864,-116,-528,-132,-514,-91,-504,-87,-500
a49,Student,2,1902,13,869,864,-116,-528,-132,-518,-91,-504,-87,-500
a50,Student,2,1902,13,869,864,-116,-528,-132,-518,-91,-504,-87,-500
a51,Student,2,1902,214,869,864,-116,-528,-133,-511,-91,-504,-87,-500
a52,Student,2,1902,14,869,864,-116,-528,-131,-518,-91,-504,-87,-500
a53,Student,2,1902,66,869,864,-116,-528,-161,-542,-91,-504,-87,-500
a54,Student,2,1902,12,869,864,-116,-528,-134,-517,-91,-504,-87,-500
a55,Student,2,1902,215,869,864,-116,-528,-132,-514,-91,-504,-87,-500
a56,Student,2,1902,29,869,864,-116,-528,-117,-505,-91,-504,-87,-500
a57,Student,2,1902,29,869,864,-116,-528,-117,-505,-91,-504,-87,-500
a58,Student,2,1902,12,869,864,-116,-528,-134,-517,-91,-504,-87,-500
a59,Student,2,1902,29,869,864,-116,-528,-117,-505,-91,-504,-87,-500
a60,Student,2,1902,13,869,864,-116,-528,-132,-518,-91,-504,-87,-500
a61,Student,2,1902,220,869,864,-116,-528,-126,-499,-91,-504,-87,-500
a62,Student,2,1902,215,869,864,-116,-528,-132,-514,-91,-504,-87,-500
a63,Student,2,1902,214,869,864,-116,-528,-133,-511,-91,-504,-87,-500
a64,Student,2,1902,112,869,864,-116,-528,-118,-513,-91,-504,-87,-500
a65,Student,2,1902,214,869,864,-116,-528,-133,-511,-91,-504,-87,-500
a66,Student,2,1902,27,869,864,-116,-528,-120,-502,-91,-504,-87,-500
a67,Student,2,1902,66,869,864,-116,-528,-161,-542,-91,-504,-87,-500
a68,Student,2,1902,215,869,864,-116,-528,-132,-514,-91,-504,-87,-500
a69,Student,2,1902,220,869,864,-116,-528,-126,-499,-91,-504,-87,-500
a70,Student,2,1902,29,869,864,-116,-528,-117,-505,-91,-504,-87,-500
a71,Student,2,1902,12,869,864,-116,-528,-134,-517,-91,-504,-87,-500
a72,Student,2,1902,25,869,864,-116,-528,-115,-517,-91,-504,-87,-500
a73,Student,2,1902,29,869,864,-116,-528,-117,-505,-91,-504,-87,-500
a74,Student,2,1902,14,869,864,-116,-528,-131,-518,-91,-504,-87,-500
a75,Student,2,1902,25,869,864,-116,-528,-115,-517,-91,-504,-87,-500
a76,Student,2,1902,5,869,864,-116,-528,-130,-511,-91,-504,-87,-500
a77,Student,2,1902,14,869,864,-116,-528,-131,-518,-91,-504,-87,-500
a78,Student,2,1902,66,869,864,-116,-528,-161,-542,-91,-504,-87,-500
a79,Student,2,1902,215,869,864,-116,-528,-132,-514,-91,-504,-87,-500
a80,Student,2,1902,214,869,864,-116,-528,-133,-511,-91,-504,-87,-500
a81,Student,2,1902,66,869,864,-116,-528,-161,-542,-91,-504,-87,-500
a82,Student,2,1902,25,869,864,-116,-528,-115,-517,-91,-504,-87,-500
a83,Student,2,1902,29,869,864,-116,-528,-117,-505,-91,-504,-87,-500
a84,Student,2,1902,25,869,864,-116,-528,-115,-517,-91,-504,-87,-500
a85,Student,2,1902,220,869,864,-116,-528,-126,-499,-91,-504,-87,-500
a86,Student,2,1902,220,869,864,-116,-528,-126,-499,-91,-504,-87,-500
a87,Student,2,1902,215,869,864,-116,-528,-132,-514,-91,-504,-87,-500
a88,Student,2,1902,14,869,864,-116,-528,-131,-518,-91,-504,-87,-500
a89,Student,2,1902,27,869,864,-116,-528,-120,-502,-91,-504,-87,-500
a90,Student,2,1902,25,869,864,-116,-528,-115,-517,-91,-504,-87,-500
a91,Student,2,1902,12,869,864,-116,-528,-134,-517,-91,-504,-87,-500
a92,Student,2,1902,112,869,864,-116,-528,-118,-513,-91,-504,-87,-500
a93,Student,2,1902,215,869,864,-116,-528,-132,-514,-91,-504,-87,-500
a94,Student,2,1902,14,869,864,-116,-528,-131,-518,-91,-504,-87,-500
a95,Student,2,1902,13,869,864,-116,-528,-132,-518,-91,-504,-87,-500
a96,Student,2,1902,25,869,864,-116,-528,-115,-517,-91,-504,-87,-500
a97,Student,2,1902,14,869,864,-116,-528,-131,-518,-91,-504,-87,-500
a98,Student,2,1902,12,869,864,-116,-528,-134,-517,-91,-504,-87,-500
a99,Student,2,1902,66,869,864,-116,-528,-161,-542,-91,-504,-87,-500
a100,Student,2,7,105,259,187,-225,-538,-228,-539,-193,-540,-177,-446
a101,Student,2,7,105,259,187,-225,-538,-228,-539,-193,-540,-177,-446
a102,Student,2,7,107,259,187,-225,-538,-224,-527,-193,-540,-177,-446
a103,Student,2,7,224,259,187,-225,-538,-220,-527,-193,-540,-177,-446
a104,Student,2,7,224,259,187,-225,-538,-220,-527,-193,-540,-177,-446
a105,Student,2,7,107,259,187,-225,-538,-224,-527,-193,-540,-177,-446
a106,Student,2,7,105,259,187,-225,-538,-228,-539,-193,-540,-177,-446
a107,Student,2,7,105,259,187,-225,-538,-228,-539,-193,-540,-177,-446
a108,Student,2,7,224,259,187,-225,-538,-220,-527,-193,-540,-177,-446
a109,Student,2,7,105,259,187,-225,-538,-228,-539,-193,-540,-177,-446
a110,Student,2,7,105,259,187,-225,-538,-228,-539,-193,-540,-177,-446
a111,Student,2,7,105,259,187,-225,-538,-228,-539,-193,-540,-177,-446
a112,Student,2,7,107,259,187,-225,-538,-224,-527,-193,-540,-177,-446
a113,Student,2,7,224,259,187,-225,-538,-220,-527,-193,-540,-177,-446
a114,Student,2,7,105,259,187,-225,-538,-228,-539,-193,-540,-177,-446
a115,Student,2,7,107,259,187,-225,-538,-224,-527,-193,-540,-177,-446
a116,Student,2,7,105,259,187,-225,-538,-228,-539,-193,-540,-177,-446
a117,Student,2,7,107,259,187,-225,-538,-224,-527,-193,-540,-177,-446
a118,Student,2,7,105,259,187,-225,-538,-228,-539,-193,-540,-177,-446
a119,Student,2,7,107,259,187,-225,-538,-224,-527,-193,-540,-177,-446
a120,Student,2,7,224,259,187,-225,-538,-220,-527,-193,-540,-177,-446
a121,Student,2,7,105,259,187,-225,-538,-228,-539,-193,-540,-177,-446
a122,Student,2,7,105,259,187,-225,-538,-228,-539,-193,-540,-177,-446
a123,Student,2,7,224,259,187,-225,-538,-220,-527,-193,-540,-177,-446
a124,Student,2,7,224,259,187,-225,-538,-220,-527,-193,-540,-177,-446
a125,Student,2,7,105,259,187,-225,-538,-228,-539,-193,-540,-177,-446
a126,Student,2,7,107,259,187,-225,-538,-224,-527,-193,-540,-177,-446
a127,Student,2,7,224,259,187,-225,-538,-220,-527,-193,-540,-177,-446
a128,Student,2,7,107,259,187,-225,-538,-224,-527,-193,-540,-177,-446
a129,Student,2,7,105,259,187,-225,-538,-228,-539,-193,-540,-177,-446
a130,Student,2,7,107,259,187,-225,-538,-224,-527,-193,-540,-177,-446
a131,Student,2,7,107,259,187,-225,-538,-224,-527,-193,-540,-177,-446
a132,Student,2,7,105,259,187,-225,-538,-228,-539,-193,-540,-177,-446
a133,Student,2,7,224,259,187,-225,-538,-220,-527,-193,-540,-177,-446
a134,Student,2,7,105,259,187,-225,-538,-228,-539,-193,-540,-177,-446
a135,Student,2,7,107,259,187,-225,-538,-224,-527,-193,-540,-177,-446
a136,Student,2,7,224,259,187,-225,-538,-220,-527,-193,-540,-177,-446
a137,Student,2,7,107,259,187,-225,-538,-224,-527,-193,-540,-177,-446
a138,Student,2,7,105,259,187,-225,-538,-228,-539,-193,-540,-177,-446
a139,Student,2,7,105,259,187,-225,-538,-228,-539,-193,-540,-177,-446
a140,Student,2,7,107,259,187,-225,-538,-224,-527,-193,-540,-177,-446
a141,Student,2,7,107,259,187,-225,-538,-224,-527,-193,-540,-177,-446
a142,Student,2,7,107,259,187,-225,-538,-224,-527,-193,-540,-177,-446
a143,Student,2,7,224,259,187,-225,-538,-220,-527,-193,-540,-177,-446
a144,Student,2,7,224,259,187,-225,-538,-220,-527,-193,-540,-177,-446
a145,Student,2,7,224,259,187,-225,-538,-220,-527,-193,-540,-177,-446
a146,Student,2,7,105,259,187,-225,-538,-228,-539,-193,-540,-177,-446
a147,Student,2,7,224,259,187,-225,-538,-220,-527,-193,-540,-177,-446
a148,Student,2,7,224,259,187,-225,-538,-220,-527,-193,-540,-177,-446
a149,Student,2,7,105,259,187,-225,-538,-228,-539,-193,-540,-177,-446
a150,Student,2,7,107,259,187,-225,-538,-224,-527,-193,-540,-177,-446
a151,Student,2,8,192,864,880,-54,-495,-50,-471,-87,-500,-89,-493
a152,Student,2,8,192,864,880,-54,-495,-50,-471,-87,-500,-89,-493
a153,Student,2,8,192,864,880,-54,-495,-50,-471,-87,-500,-89,-493
a154,Student,2,8,203,864,880,-54,-495,-51,-455,-87,-500,-89,-493
a155,Student,2,8,203,864,880,-54,-495,-51,-455,-87,-500,-89,-493
a156,Student,2,8,192,864,880,-54,-495,-50,-471,-87,-500,-89,-493
a157,Student,2,8,203,864,880,-54,-495,-51,-455,-87,-500,-89,-493
a158,Student,2,8,192,864,880,-54,-495,-50,-471,-87,-500,-89,-493
a159,Student,2,8,203,864,880,-54,-495,-51,-455,-87,-500,-89,-493
a160,Student,2,8,203,864,880,-54,-495,-51,-455,-87,-500,-89,-493
a161,Student,2,8,192,864,880,-54,-495,-50,-471,-87,-500,-89,-493
a162,Student,2,8,192,864,880,-54,-495,-50,-471,-87,-500,-89,-493
a163,Student,2,8,192,864,880,-54,-495,-50,-471,-87,-500,-89,-493
a164,Student,2,8,192,864,880,-54,-495,-50,-471,-87,-500,-89,-493
a165,Student,2,1824,203,864,880,-53,-500,-51,-455,-87,-500,-89,-493
a166,Student,2,1824,203,864,880,-53,-500,-51,-455,-87,-500,-89,-493
a167,Student,2,1824,192,864,880,-53,-500,-50,-471,-87,-500,-89,-493
a168,Student,2,1824,203,864,880,-53,-500,-51,-455,-87,-500,-89,-493
a169,Student,2,1824,192,864,880,-53,-500,-50,-471,-87,-500,-89,-493
a170,Student,2,1824,203,864,880,-53,-500,-51,-455,-87,-500,-89,-493
a171,Student,2,1824,192,864,880,-53,-500,-50,-471,-87,-500,-89,-493
a172,Student,2,1824,203,864,880,-53,-500,-51,-455,-87,-500,-89,-493
a173,Student,2,1824,192,864,880,-53,-500,-50,-471,-87,-500,-89,-493
a174,Student,2,1824,192,864,880,-53,-500,-50,-471,-87,-500,-89,-493
a175,Student,2,1824,203,864,880,-53,-500,-51,-455,-87,-500,-89,-493
a176,Student,2,1824,192,864,880,-53,-500,-50,-471,-87,-500,-89,-493
a177,Student,2,1824,203,864,880,-53,-500,-51,-455,-87,-500,-89,-493
a178,Student,2,1824,192,864,880,-53,-500,-50,-471,-87,-500,-89,-493
a179,Student,2,123,192,864,880,-55,-500,-50,-471,-87,-500,-89,-493
a180,Student,2,123,192,864,880,-55,-500,-50,-471,-87,-500,-89,-493
a181,Student,2,123,192,864,880,-55,-500,-50,-471,-87,-500,-89,-493
a182,Student,2,123,203,864,880,-55,-500,-51,-455,-87,-500,-89,-493
a183,Student,2,123,192,864,880,-55,-500,-50,-471,-87,-500,-89,-493
a184,Student,2,123,192,864,880,-55,-500,-50,-471,-87,-500,-89,-493
a185,Student,2,123,203,864,880,-55,-500,-51,-455,-87,-500,-89,-493
a186,Student,2,123,203,864,880,-55,-500,-51,-455,-87,-500,-89,-493
a187,Student,2,123,192,864,880,-55,-500,-50,-471,-87,-500,-89,-493
a188,Student,2,123,203,864,880,-55,-500,-51,-455,-87,-500,-89,-493
a189,Student,2,123,192,864,880,-55,-500,-50,-471,-87,-500,-89,-493
a190,Student,2,123,203,864,880,-55,-500,-51,-455,-87,-500,-89,-493
a191,Student,2,123,192,864,880,-55,-500,-50,-471,-87,-500,-89,-493
a192,Student,2,123,192,864,880,-55,-500,-50,-471,-87,-500,-89,-493
a193,other,5,835,563,770,76,-398,-466,-362,-258,-373,-441,-368,-437
a194,other,0,835,229,770,76,-398,-466,-319,-409,-373,-441,-368,-437
a195,other,3,835,252,770,76,-398,-466,-208,-352,-373,-441,-368,-437
a196,other,0,835,124,770,76,-398,-466,-375,-313,-373,-441,-368,-437
a197,other,2,620,294,211,1015,-93,-293,-363,-264,-143,-323,-145,-329
a198,other,3,144,598,380,678,-412,-394,-347,-441,-388,-354,-423,-345
a199,other,6,144,294,380,678,-412,-394,-363,-264,-388,-354,-423,-345
a200,other,2,144,483,380,678,-412,-394,258,53,-388,-354,-423,-345
a201,other,5,26,336,128,877,-18,-458,-336,-262,30,-419,-84,-462
a202,other,4,26,386,128,877,-18,-458,-186,-341,30,-419,-84,-462
a203,other,7,26,128,128,877,-18,-458,30,-419,30,-419,-84,-462
a204,other,3,26,525,128,877,-18,-458,-524,-197,30,-419,-84,-462
a205,other,6,26,486,128,877,-18,-458,258,56,30,-419,-84,-462
a206,other,4,26,500,128,877,-18,-458,-336,-355,30,-419,-84,-462
a207,other,7,26,128,128,877,-18,-458,30,-419,30,-419,-84,-462
a208,other,2,26,673,128,877,-18,-458,-81,-232,30,-419,-84,-462
a209,other,7,26,128,128,877,-18,-458,30,-419,30,-419,-84,-462
a210,other,6,26,497,128,877,-18,-458,-501,-280,30,-419,-84,-462
a211,other,5,26,494,128,877,-18,-458,-246,-380,30,-419,-84,-462
a212,other,8,26,128,128,877,-18,-458,30,-419,30,-419,-84,-462
a213,other,3,26,294,128,877,-18,-458,-363,-264,30,-419,-84,-462
a214,other,5,26,295,128,877,-18,-458,-364,-258,30,-419,-84,-462
a215,other,5,26,598,128,877,-18,-458,-347,-441,30,-419,-84,-462
a216,other,3,26,563,128,877,-18,-458,-362,-258,30,-419,-84,-462
a217,other,3,26,722,128,877,-18,-458,-80,-487,30,-419,-84,-462
a218,other,4,26,513,128,877,-18,-458,-438,-122,30,-419,-84,-462
a219,other,3,26,291,128,877,-18,-458,-122,-364,30,-419,-84,-462
a220,other,3,26,647,128,877,-18,-458,31,-273,30,-419,-84,-462
a221,other,5,26,563,128,877,-18,-458,-362,-258,30,-419,-84,-462
a222,other,7,26,128,128,877,-18,-458,30,-419,30,-419,-84,-462
a223,other,3,26,595,128,877,-18,-458,-333,-446,30,-419,-84,-462
a224,other,6,26,403,128,877,-18,-458,-181,-343,30,-419,-84,-462
a225,other,8,228,1011,1011,889,-127,-458,-123,-476,-123,-476,-101,-486
a226,other,5,528,622,128,877,-8,-473,-308,-558,30,-419,-84,-462
a227,other,3,528,658,128,877,-8,-473,-95,-241,30,-419,-84,-462
a228,other,3,1274,728,877,889,-93,-468,-183,-308,-84,-462,-101,-486
a229,other,6,1274,497,877,889,-93,-468,-501,-280,-84,-462,-101,-486
a230,other,4,1274,259,877,889,-93,-468,-357,-425,-84,-462,-101,-486
a231,other,3,1672,673,1011,889,-127,-467,-81,-232,-123,-476,-101,-486
a232,other,6,1672,295,1011,889,-127,-467,-364,-258,-123,-476,-101,-486
a233,other,3,1651,598,1011,889,-123,-470,-347,-441,-123,-476,-101,-486
a234,other,1,1651,135,1011,889,-123,-470,-425,-372,-123,-476,-101,-486
a235,other,0,1651,91,1011,889,-123,-470,-423,-369,-123,-476,-101,-486
a236,other,3,1651,486,1011,889,-123,-470,258,56,-123,-476,-101,-486
a237,other,5,1651,494,1011,889,-123,-470,-246,-380,-123,-476,-101,-486
a238,other,0,1651,89,1011,889,-123,-470,-425,-360,-123,-476,-101,-486
a239,other,5,1651,658,1011,889,-123,-470,-95,-241,-123,-476,-101,-486
a240,other,7,1651,1011,1011,889,-123,-470,-123,-476,-123,-476,-101,-486
a241,other,0,1651,75,1011,889,-123,-470,-143,-411,-123,-476,-101,-486
a242,other,8,1651,1011,1011,889,-123,-470,-123,-476,-123,-476,-101,-486
a243,other,5,1651,513,1011,889,-123,-470,-438,-122,-123,-476,-101,-486
a244,other,8,1651,1011,1011,889,-123,-470,-123,-476,-123,-476,-101,-486
a245,other,4,1651,497,1011,889,-123,-470,-501,-280,-123,-476,-101,-486
a246,other,3,1651,494,1011,889,-123,-470,-246,-380,-123,-476,-101,-486
a247,other,2,1651,307,1011,889,-123,-470,-181,-351,-123,-476,-101,-486
a248,other,3,1651,679,1011,889,-123,-470,-111,-243,-123,-476,-101,-486
a249,other,8,1651,1011,1011,889,-123,-470,-123,-476,-123,-476,-101,-486
a250,other,0,1651,77,1011,889,-123,-470,-212,-400,-123,-476,-101,-486
a251,other,5,1651,679,1011,889,-123,-470,-111,-243,-123,-476,-101,-486
a252,other,7,1651,1011,1011,889,-123,-470,-123,-476,-123,-476,-101,-486
a253,other,2,1651,277,1011,889,-123,-470,-353,-437,-123,-476,-101,-486
a254,other,5,1651,308,1011,889,-123,-470,-345,-263,-123,-476,-101,-486
a255,other,7,1651,1011,1011,889,-123,-470,-123,-476,-123,-476,-101,-486
a256,other,1,1738,118,1011,889,-128,-478,-143,-373,-123,-476,-101,-486
a257,other,4,1738,259,1011,889,-128,-478,-357,-425,-123,-476,-101,-486
a258,other,3,1525,627,1055,689,-101,-442,-312,-566,-86,-438,-103,-416
a259,other,3,288,500,901,365,-105,-335,-336,-355,-114,-366,-94,-366
a260,other,6,288,647,901,365,-105,-335,31,-273,-114,-366,-94,-366
a261,other,5,288,525,901,365,-105,-335,-524,-197,-114,-366,-94,-366
a262,other,6,288,513,901,365,-105,-335,-438,-122,-114,-366,-94,-366
a263,other,0,288,135,901,365,-105,-335,-425,-372,-114,-366,-94,-366
a264,other,6,288,386,901,365,-105,-335,-186,-341,-114,-366,-94,-366
a265,other,4,288,308,901,365,-105,-335,-345,-263,-114,-366,-94,-366
a266,other,4,288,497,901,365,-105,-335,-501,-280,-114,-366,-94,-366
a267,other,7,288,901,901,365,-105,-335,-114,-366,-114,-366,-94,-366
a268,other,4,288,622,901,365,-105,-335,-308,-558,-114,-366,-94,-366
a269,other,5,288,527,901,365,-105,-335,-509,-160,-114,-366,-94,-366
a270,other,1,288,135,901,365,-105,-335,-425,-372,-114,-366,-94,-366
a271,other,6,288,500,901,365,-105,-335,-336,-355,-114,-366,-94,-366
a272,other,6,288,560,901,365,-105,-335,-344,-265,-114,-366,-94,-366
a273,other,8,288,901,901,365,-105,-335,-114,-366,-114,-366,-94,-366
a274,other,0,288,135,901,365,-105,-335,-425,-372,-114,-366,-94,-366
a275,other,7,288,901,901,365,-105,-335,-114,-366,-114,-366,-94,-366
a276,other,3,288,595,901,365,-105,-335,-333,-446,-114,-366,-94,-366
a277,other,1,288,176,901,365,-105,-335,-199,-488,-114,-366,-94,-366
a278,other,3,288,525,901,365,-105,-335,-524,-197,-114,-366,-94,-366
a279,other,7,288,901,901,365,-105,-335,-114,-366,-114,-366,-94,-366
a280,other,8,288,901,901,365,-105,-335,-114,-366,-114,-366,-94,-366
a281,other,6,288,441,901,365,-105,-335,-185,-338,-114,-366,-94,-366
a282,other,3,1354,486,889,877,-102,-468,258,56,-101,-486,-84,-462
a283,other,5,1354,262,889,877,-102,-468,-354,-433,-101,-486,-84,-462
a284,other,6,1225,640,889,880,-90,-480,31,-294,-101,-486,-89,-493
a285,other,5,1225,386,889,880,-90,-480,-186,-341,-101,-486,-89,-493
a286,other,8,1473,877,877,1055,-100,-454,-84,-462,-84,-462,-86,-438
a287,other,5,1473,252,877,1055,-100,-454,-208,-352,-84,-462,-86,-438
a288,other,0,1473,89,877,1055,-100,-454,-425,-360,-84,-462,-86,-438
a289,other,2,1473,448,877,1055,-100,-454,-188,-338,-84,-462,-86,-438
a290,other,0,1737,124,1011,351,-152,-484,-375,-313,-123,-476,-168,-447
a291,other,5,1737,576,1011,351,-152,-484,-413,-538,-123,-476,-168,-447
a292,other,0,1737,176,1011,351,-152,-484,-199,-488,-123,-476,-168,-447
a293,other,5,1737,673,1011,351,-152,-484,-81,-232,-123,-476,-168,-447
a294,other,2,1737,406,1011,351,-152,-484,-211,-305,-123,-476,-168,-447
a295,other,2,1737,406,1011,351,-152,-484,-211,-305,-123,-476,-168,-447
a296,other,8,1737,1011,1011,351,-152,-484,-123,-476,-123,-476,-168,-447
a297,other,7,1737,1011,1011,351,-152,-484,-123,-476,-123,-476,-168,-447
a298,other,2,1737,307,1011,351,-152,-484,-181,-351,-123,-476,-168,-447
a299,other,0,1737,124,1011,351,-152,-484,-375,-313,-123,-476,-168,-447
a300,other,7,1737,1011,1011,351,-152,-484,-123,-476,-123,-476,-168,-447
a301,other,2,1737,598,1011,351,-152,-484,-347,-441,-123,-476,-168,-447
a302,other,1,1737,118,1011,351,-152,-484,-143,-373,-123,-476,-168,-447
a303,other,2,1737,525,1011,351,-152,-484,-524,-197,-123,-476,-168,-447
a304,other,0,1737,75,1011,351,-152,-484,-143,-411,-123,-476,-168,-447
a305,other,5,1737,307,1011,351,-152,-484,-181,-351,-123,-476,-168,-447
a306,other,3,1737,483,1011,351,-152,-484,258,53,-123,-476,-168,-447
a307,other,7,1737,1011,1011,351,-152,-484,-123,-476,-123,-476,-168,-447
a308,other,3,1737,308,1011,351,-152,-484,-345,-263,-123,-476,-168,-447
a309,other,8,1737,1011,1011,351,-152,-484,-123,-476,-123,-476,-168,-447
a310,other,2,1737,262,1011,351,-152,-484,-354,-433,-123,-476,-168,-447
a311,other,5,1737,497,1011,351,-152,-484,-501,-280,-123,-476,-168,-447
a312,other,1,172,118,726,62,-399,-401,-143,-373,-359,-415,-357,-419
a313,other,7,172,726,726,62,-399,-401,-359,-415,-359,-415,-357,-419
a314,other,7,172,726,726,62,-399,-401,-359,-415,-359,-415,-357,-419
a315,other,4,172,252,726,62,-399,-401,-208,-352,-359,-415,-357,-419
a316,other,0,172,122,726,62,-399,-401,-102,-303,-359,-415,-357,-419
a317,other,1,557,122,128,877,0,-462,-102,-303,30,-419,-84,-462
a318,other,4,1598,572,1011,988,-128,-458,-412,-543,-123,-476,-132,-420
a319,other,2,1598,627,1011,988,-128,-458,-312,-566,-123,-476,-132,-420
a320,other,6,1598,403,1011,988,-128,-458,-181,-343,-123,-476,-132,-420
a321,other,4,1598,486,1011,988,-128,-458,258,56,-123,-476,-132,-420
a322,other,6,1598,572,1011,988,-128,-458,-412,-543,-123,-476,-132,-420
a323,other,0,1169,91,869,864,-97,-504,-423,-369,-91,-504,-87,-500
a324,other,7,1169,869,869,864,-97,-504,-91,-504,-91,-504,-87,-500
a325,other,5,1169,572,869,864,-97,-504,-412,-543,-91,-504,-87,-500
a326,other,4,1169,440,869,864,-97,-504,-223,-318,-91,-504,-87,-500
a327,other,2,1212,379,869,889,-103,-502,-181,-308,-91,-504,-101,-486
a328,other,4,640,627,215,19,-293,-326,-312,-566,-305,-356,-296,-361
a329,other,5,640,513,215,19,-293,-326,-438,-122,-305,-356,-296,-361
a330,other,4,640,572,215,19,-293,-326,-412,-543,-305,-356,-296,-361
a331,other,2,640,513,215,19,-293,-326,-438,-122,-305,-356,-296,-361
a332,other,2,640,406,215,19,-293,-326,-211,-305,-305,-356,-296,-361
a333,other,8,640,215,215,19,-293,-326,-305,-356,-305,-356,-296,-361
a334,other,7,640,215,215,19,-293,-326,-305,-356,-305,-356,-296,-361
a335,other,3,640,427,215,19,-293,-326,-190,-328,-305,-356,-296,-361
a336,other,5,640,500,215,19,-293,-326,-336,-355,-305,-356,-296,-361
a337,other,4,640,252,215,19,-293,-326,-208,-352,-305,-356,-296,-361
a338,other,6,640,570,215,19,-293,-326,-413,-546,-305,-356,-296,-361
a339,other,3,640,486,215,19,-293,-326,258,56,-305,-356,-296,-361
a340,other,0,640,89,215,19,-293,-326,-425,-360,-305,-356,-296,-361
a341,other,5,640,728,215,19,-293,-326,-183,-308,-305,-356,-296,-361
a342,other,5,640,486,215,19,-293,-326,258,56,-305,-356,-296,-361
a343,other,3,640,379,215,19,-293,-326,-181,-308,-305,-356,-296,-361
a344,other,8,640,215,215,19,-293,-326,-305,-356,-305,-356,-296,-361
a345,other,4,640,483,215,19,-293,-326,258,53,-305,-356,-296,-361
a346,other,6,640,598,215,19,-293,-326,-347,-441,-305,-356,-296,-361
a347,other,4,640,500,215,19,-293,-326,-336,-355,-305,-356,-296,-361
a348,other,0,640,91,215,19,-293,-326,-423,-369,-305,-356,-296,-361
a349,other,7,640,215,215,19,-293,-326,-305,-356,-305,-356,-296,-361
a350,other,3,640,441,215,19,-293,-326,-185,-338,-305,-356,-296,-361
a351,other,2,640,291,215,19,-293,-326,-122,-364,-305,-356,-296,-361
a352,other,7,366,128,128,877,-16,-459,30,-419,30,-419,-84,-462
a353,other,4,259,252,889,880,-90,-477,-208,-352,-101,-486,-89,-493
a354,other,5,259,307,889,880,-90,-477,-181,-351,-101,-486,-89,-493
a355,other,7,785,215,215,428,-306,-351,-305,-356,-305,-356,-318,-356
a356,other,2,785,294,215,428,-306,-351,-363,-264,-305,-356,-318,-356
a357,other,2,193,295,726,62,-396,-403,-364,-258,-359,-415,-357,-419
a358,other,8,193,726,726,62,-396,-403,-359,-415,-359,-415,-357,-419
a359,other,3,193,641,726,62,-396,-403,28,-294,-359,-415,-357,-419
a360,other,6,193,262,726,62,-396,-403,-354,-433,-359,-415,-357,-419
a361,other,2,988,252,259,187,-196,-532,-208,-352,-193,-540,-177,-446
a362,other,5,988,486,259,187,-196,-532,258,56,-193,-540,-177,-446
a363,other,6,988,379,259,187,-196,-532,-181,-308,-193,-540,-177,-446
a364,other,2,988,576,259,187,-196,-532,-413,-538,-193,-540,-177,-446
a365,other,8,988,259,259,187,-196,-532,-193,-540,-193,-540,-177,-446
a366,other,6,988,341,259,187,-196,-532,-87,-487,-193,-540,-177,-446
a367,other,7,988,259,259,187,-196,-532,-193,-540,-193,-540,-177,-446
a368,other,4,988,679,259,187,-196,-532,-111,-243,-193,-540,-177,-446
a369,other,6,988,517,259,187,-196,-532,-515,-202,-193,-540,-177,-446
a370,other,4,988,673,259,187,-196,-532,-81,-232,-193,-540,-177,-446
a371,other,6,988,641,259,187,-196,-532,28,-294,-193,-540,-177,-446
a372,other,0,988,129,259,187,-196,-532,-496,-307,-193,-540,-177,-446
a373,other,0,988,174,259,187,-196,-532,-215,-436,-193,-540,-177,-446
a374,other,3,988,490,259,187,-196,-532,-243,-380,-193,-540,-177,-446
a375,other,6,988,259,259,187,-196,-532,-357,-425,-193,-540,-177,-446
a376,other,1,988,118,259,187,-196,-532,-143,-373,-193,-540,-177,-446
a377,other,5,988,294,259,187,-196,-532,-363,-264,-193,-540,-177,-446
a378,other,5,988,641,259,187,-196,-532,28,-294,-193,-540,-177,-446
a379,other,2,988,540,259,187,-196,-532,91,-440,-193,-540,-177,-446
a380,other,5,988,563,259,187,-196,-532,-362,-258,-193,-540,-177,-446
a381,other,6,988,722,259,187,-196,-532,-80,-487,-193,-540,-177,-446
a382,other,5,988,570,259,187,-196,-532,-413,-546,-193,-540,-177,-446
a383,other,0,988,229,259,187,-196,-532,-319,-409,-193,-540,-177,-446
a384,other,3,988,595,259,187,-196,-532,-333,-446,-193,-540,-177,-446
a385,other,2,1155,570,869,864,-101,-510,-413,-546,-91,-504,-87,-500
a386,other,8,232,1011,1011,889,-125,-459,-123,-476,-123,-476,-101,-486
a387,other,5,232,341,1011,889,-125,-459,-87,-487,-123,-476,-101,-486
a388,other,2,636,525,211,1015,-91,-290,-524,-197,-143,-323,-145,-329
a389,other,4,636,430,211,1015,-91,-290,-215,-289,-143,-323,-145,-329
a390,other,7,1701,1011,1011,889,-129,-489,-123,-476,-123,-476,-101,-486
a391,other,3,1728,262,1011,889,-127,-495,-354,-433,-123,-476,-101,-486
a392,other,4,1728,525,1011,889,-127,-495,-524,-197,-123,-476,-101,-486
a393,other,4,849,308,128,877,10,-451,-345,-263,30,-419,-84,-462
a394,other,1,348,79,128,877,-18,-463,-424,-396,30,-419,-84,-462
a395,other,3,695,570,19,215,-279,-350,-413,-546,-296,-361,-305,-356
a396,other,1,695,118,19,215,-279,-350,-143,-373,-296,-361,-305,-356
a397,other,8,1276,877,877,889,-93,-466,-84,-462,-84,-462,-101,-486
a398,other,6,1276,295,877,889,-93,-466,-364,-258,-84,-462,-101,-486
a399,other,4,1276,595,877,889,-93,-466,-333,-446,-84,-462,-101,-486
a400,other,8,1276,877,877,889,-93,-466,-84,-462,-84,-462,-101,-486
a401,other,0,1789,129,1011,328,-134,-461,-496,-307,-123,-476,-166,-446
a402,other,6,1789,430,1011,328,-134,-461,-215,-289,-123,-476,-166,-446
a403,other,3,1789,673,1011,328,-134,-461,-81,-232,-123,-476,-166,-446
a404,other,7,544,128,128,877,-9,-481,30,-419,30,-419,-84,-462
a405,other,3,544,252,128,877,-9,-481,-208,-352,30,-419,-84,-462
a406,other,3,544,598,128,877,-9,-481,-347,-441,30,-419,-84,-462
a407,other,1,544,174,128,877,-9,-481,-215,-436,30,-419,-84,-462
a408,other,5,1774,379,1011,889,-145,-493,-181,-308,-123,-476,-101,-486
a409,other,1,1774,124,1011,889,-145,-493,-375,-313,-123,-476,-101,-486
a410,other,5,1774,486,1011,889,-145,-493,258,56,-123,-476,-101,-486
a411,other,3,1774,560,1011,889,-145,-493,-344,-265,-123,-476,-101,-486
a412,other,8,1774,1011,1011,889,-145,-493,-123,-476,-123,-476,-101,-486
a413,other,1,1774,176,1011,889,-145,-493,-199,-488,-123,-476,-101,-486
a414,other,5,1774,430,1011,889,-145,-493,-215,-289,-123,-476,-101,-486
a415,other,3,1774,471,1011,889,-145,-493,302,104,-123,-476,-101,-486
a416,other,6,1774,673,1011,889,-145,-493,-81,-232,-123,-476,-101,-486
a417,other,2,1774,679,1011,889,-145,-493,-111,-243,-123,-476,-101,-486
a418,other,3,1774,525,1011,889,-145,-493,-524,-197,-123,-476,-101,-486
a419,other,5,1774,448,1011,889,-145,-493,-188,-338,-123,-476,-101,-486
a420,other,4,1774,576,1011,889,-145,-493,-413,-538,-123,-476,-101,-486
a421,other,0,1774,135,1011,889,-145,-493,-425,-372,-123,-476,-101,-486
a422,other,5,1774,560,1011,889,-145,-493,-344,-265,-123,-476,-101,-486
a423,other,2,1774,563,1011,889,-145,-493,-362,-258,-123,-476,-101,-486
a424,other,4,1774,728,1011,889,-145,-493,-183,-308,-123,-476,-101,-486
a425,other,8,1774,1011,1011,889,-145,-493,-123,-476,-123,-476,-101,-486
a426,other,7,1774,1011,1011,889,-145,-493,-123,-476,-123,-476,-101,-486
a427,other,2,1774,427,1011,889,-145,-493,-190,-328,-123,-476,-101,-486
a428,other,7,1774,1011,1011,889,-145,-493,-123,-476,-123,-476,-101,-486
a429,other,2,1774,386,1011,889,-145,-493,-186,-341,-123,-476,-101,-486
a430,other,7,1327,877,877,889,-97,-466,-84,-462,-84,-462,-101,-486
a431,other,5,1327,294,877,889,-97,-466,-363,-264,-84,-462,-101,-486
a432,other,7,931,1033,1033,365,-28,-368,-12,-357,-12,-357,-94,-366
a433,other,1,1648,89,1011,889,-130,-463,-425,-360,-123,-476,-101,-486
a434,other,5,1118,722,869,864,-93,-503,-80,-487,-91,-504,-87,-500
a435,other,0,337,91,877,128,-21,-463,-423,-369,-84,-462,30,-419
a436,other,4,279,440,259,508,-244,-547,-223,-318,-193,-540,-309,-459
a437,other,8,279,259,259,508,-244,-547,-193,-540,-193,-540,-309,-459
a438,other,1,279,79,259,508,-244,-547,-424,-396,-193,-540,-309,-459
a439,other,5,279,386,259,508,-244,-547,-186,-341,-193,-540,-309,-459
a440,other,6,279,540,259,508,-244,-547,91,-440,-193,-540,-309,-459
a441,other,8,279,259,259,508,-244,-547,-193,-540,-193,-540,-309,-459
a442,other,4,279,598,259,508,-244,-547,-347,-441,-193,-540,-309,-459
a443,other,3,279,622,259,508,-244,-547,-308,-558,-193,-540,-309,-459
a444,other,7,279,259,259,508,-244,-547,-193,-540,-193,-540,-309,-459
a445,other,8,279,259,259,508,-244,-547,-193,-540,-193,-540,-309,-459
a446,other,7,279,259,259,508,-244,-547,-193,-540,-193,-540,-309,-459
a447,other,6,279,728,259,508,-244,-547,-183,-308,-193,-540,-309,-459
a448,other,7,279,259,259,508,-244,-547,-193,-540,-193,-540,-309,-459
a449,other,2,279,494,259,508,-244,-547,-246,-380,-193,-540,-309,-459
a450,other,8,279,259,259,508,-244,-547,-193,-540,-193,-540,-309,-459
a451,other,7,279,259,259,508,-244,-547,-193,-540,-193,-540,-309,-459
a452,other,5,279,440,259,508,-244,-547,-223,-318,-193,-540,-309,-459
a453,other,4,279,471,259,508,-244,-547,302,104,-193,-540,-309,-459
a454,other,1,279,118,259,508,-244,-547,-143,-373,-193,-540,-309,-459
a455,other,6,279,576,259,508,-244,-547,-413,-538,-193,-540,-309,-459
a456,other,6,279,441,259,508,-244,-547,-185,-338,-193,-540,-309,-459
a457,other,5,279,534,259,508,-244,-547,-544,-52,-193,-540,-309,-459
a458,other,7,859,508,508,292,-310,-436,-309,-459,-309,-459,-334,-458
a459,other,2,885,598,1033,229,10,-346,-347,-441,-12,-357,30,-290
a460,other,6,157,471,380,724,-412,-396,302,104,-388,-354,-463,-399
a461,other,7,802,770,770,76,-394,-469,-373,-441,-373,-441,-368,-437
a462,other,8,408,128,128,877,-1,-472,30,-419,30,-419,-84,-462
a463,other,7,408,128,128,877,-1,-472,30,-419,30,-419,-84,-462
a464,other,1,408,129,128,877,-1,-472,-496,-307,30,-419,-84,-462
a465,other,4,1581,500,1011,889,-129,-464,-336,-355,-123,-476,-101,-486
a466,other,2,1581,595,1011,889,-129,-464,-333,-446,-123,-476,-101,-486
a467,other,7,1581,1011,1011,889,-129,-464,-123,-476,-123,-476,-101,-486
a468,other,0,1581,118,1011,889,-129,-464,-143,-373,-123,-476,-101,-486
a469,other,1,1581,77,1011,889,-129,-464,-212,-400,-123,-476,-101,-486
a470,other,4,1581,307,1011,889,-129,-464,-181,-351,-123,-476,-101,-486
a471,other,5,1581,307,1011,889,-129,-464,-181,-351,-123,-476,-101,-486
a472,other,5,1581,595,1011,889,-129,-464,-333,-446,-123,-476,-101,-486
a473,other,1,1581,174,1011,889,-129,-464,-215,-436,-123,-476,-101,-486
a474,other,3,1581,622,1011,889,-129,-464,-308,-558,-123,-476,-101,-486
a475,other,2,1581,527,1011,889,-129,-464,-509,-160,-123,-476,-101,-486
a476,other,5,1581,403,1011,889,-129,-464,-181,-343,-123,-476,-101,-486
a477,other,5,1581,379,1011,889,-129,-464,-181,-308,-123,-476,-101,-486
a478,other,5,1581,673,1011,889,-129,-464,-81,-232,-123,-476,-101,-486
a479,other,1,1581,129,1011,889,-129,-464,-496,-307,-123,-476,-101,-486
a480,other,3,1581,490,1011,889,-129,-464,-243,-380,-123,-476,-101,-486
a481,other,3,1581,534,1011,889,-129,-464,-544,-52,-123,-476,-101,-486
a482,other,3,1581,527,1011,889,-129,-464,-509,-160,-123,-476,-101,-486
a483,other,3,1581,534,1011,889,-129,-464,-544,-52,-123,-476,-101,-486
a484,other,6,1581,483,1011,889,-129,-464,258,53,-123,-476,-101,-486
a485,other,7,1581,1011,1011,889,-129,-464,-123,-476,-123,-476,-101,-486
a486,other,1,1581,174,1011,889,-129,-464,-215,-436,-123,-476,-101,-486
a487,other,7,1528,1055,1055,877,-102,-445,-86,-438,-86,-438,-84,-462
a488,other,3,1528,406,1055,877,-102,-445,-211,-305,-86,-438,-84,-462
a489,other,7,1528,1055,1055,877,-102,-445,-86,-438,-86,-438,-84,-462
a490,other,0,1632,124,988,970,-132,-444,-375,-313,-132,-420,-126,-415
a491,other,1,1632,229,988,970,-132,-444,-319,-409,-132,-420,-126,-415
a492,other,5,1632,294,988,970,-132,-444,-363,-264,-132,-420,-126,-415
a493,other,6,1632,534,988,970,-132,-444,-544,-52,-132,-420,-126,-415
a494,other,2,1632,379,988,970,-132,-444,-181,-308,-132,-420,-126,-415
a495,other,7,1632,988,988,970,-132,-444,-132,-420,-132,-420,-126,-415
a496,other,6,1632,560,988,970,-132,-444,-344,-265,-132,-420,-126,-415
a497,other,4,1632,627,988,970,-132,-444,-312,-566,-132,-420,-126,-415
a498,other,4,1632,722,988,970,-132,-444,-80,-487,-132,-420,-126,-415
a499,other,8,1632,988,988,970,-132,-444,-132,-420,-132,-420,-126,-415
a500,other,5,1632,497,988,970,-132,-444,-501,-280,-132,-420,-126,-415
a501,other,1,1632,174,988,970,-132,-444,-215,-436,-132,-420,-126,-415
a502,other,4,1632,560,988,970,-132,-444,-344,-265,-132,-420,-126,-415
a503,other,0,1632,135,988,970,-132,-444,-425,-372,-132,-420,-126,-415
a504,other,0,1632,122,988,970,-132,-444,-102,-303,-132,-420,-126,-415
a505,other,3,1632,490,988,970,-132,-444,-243,-380,-132,-420,-126,-415
a506,other,4,1632,386,988,970,-132,-444,-186,-341,-132,-420,-126,-415
a507,other,3,1632,627,988,970,-132,-444,-312,-566,-132,-420,-126,-415
a508,other,1,1632,129,988,970,-132,-444,-496,-307,-132,-420,-126,-415
a509,other,2,1632,490,988,970,-132,-444,-243,-380,-132,-420,-126,-415
a510,other,6,1632,497,988,970,-132,-444,-501,-280,-132,-420,-126,-415
a511,other,8,1632,988,988,970,-132,-444,-132,-420,-132,-420,-126,-415
a512,other,7,1632,988,988,970,-132,-444,-132,-420,-132,-420,-126,-415
a513,other,2,1632,259,988,970,-132,-444,-357,-425,-132,-420,-126,-415
a514,other,4,471,486,365,687,-89,-358,258,56,-94,-366,-101,-381
a515,other,4,1129,448,869,864,-94,-503,-188,-338,-91,-504,-87,-500
a516,other,1,313,79,128,877,-17,-455,-424,-396,30,-419,-84,-462
a517,other,0,313,229,128,877,-17,-455,-319,-409,30,-419,-84,-462
a518,other,2,313,262,128,877,-17,-455,-354,-433,30,-419,-84,-462
a519,other,6,313,658,128,877,-17,-455,-95,-241,30,-419,-84,-462
a520,other,4,313,427,128,877,-17,-455,-190,-328,30,-419,-84,-462
a521,other,3,313,403,128,877,-17,-455,-181,-343,30,-419,-84,-462
a522,other,3,313,540,128,877,-17,-455,91,-440,30,-419,-84,-462
a523,other,6,313,341,128,877,-17,-455,-87,-487,30,-419,-84,-462
a524,other,1,313,75,128,877,-17,-455,-143,-411,30,-419,-84,-462
a525,other,3,313,427,128,877,-17,-455,-190,-328,30,-419,-84,-462
a526,other,6,313,540,128,877,-17,-455,91,-440,30,-419,-84,-462
a527,other,7,313,128,128,877,-17,-455,30,-419,30,-419,-84,-462
a528,other,4,313,673,128,877,-17,-455,-81,-232,30,-419,-84,-462
a529,other,5,313,291,128,877,-17,-455,-122,-364,30,-419,-84,-462
a530,other,6,313,622,128,877,-17,-455,-308,-558,30,-419,-84,-462
a531,other,4,313,728,128,877,-17,-455,-183,-308,30,-419,-84,-462
a532,other,1,313,124,128,877,-17,-455,-375,-313,30,-419,-84,-462
a533,other,7,313,128,128,877,-17,-455,30,-419,30,-419,-84,-462
a534,other,2,313,728,128,877,-17,-455,-183,-308,30,-419,-84,-462
a535,other,8,313,128,128,877,-17,-455,30,-419,30,-419,-84,-462
a536,other,0,313,129,128,877,-17,-455,-496,-307,30,-419,-84,-462
a537,other,0,313,129,128,877,-17,-455,-496,-307,30,-419,-84,-462
a538,other,1,313,176,128,877,-17,-455,-199,-488,30,-419,-84,-462
a539,other,6,1190,440,869,864,-100,-507,-223,-318,-91,-504,-87,-500
a540,other,8,1190,869,869,864,-100,-507,-91,-504,-91,-504,-87,-500
a541,other,6,1190,513,869,864,-100,-507,-438,-122,-91,-504,-87,-500
a542,other,1,1717,89,1011,889,-120,-496,-425,-360,-123,-476,-101,-486
a543,other,2,1717,627,1011,889,-120,-496,-312,-566,-123,-476,-101,-486
a544,other,5,593,641,187,388,-177,-448,28,-294,-177,-446,-172,-445
a545,other,2,593,483,187,388,-177,-448,258,53,-177,-446,-172,-445
a546,other,4,593,517,187,388,-177,-448,-515,-202,-177,-446,-172,-445
a547,other,3,593,441,187,388,-177,-448,-185,-338,-177,-446,-172,-445
a548,other,1,593,91,187,388,-177,-448,-423,-369,-177,-446,-172,-445
a549,other,4,593,440,187,388,-177,-448,-223,-318,-177,-446,-172,-445
a550,other,1,593,118,187,388,-177,-448,-143,-373,-177,-446,-172,-445
a551,other,5,593,679,187,388,-177,-448,-111,-243,-177,-446,-172,-445
a552,other,3,593,295,187,388,-177,-448,-364,-258,-177,-446,-172,-445
a553,other,0,593,79,187,388,-177,-448,-424,-396,-177,-446,-172,-445
a554,other,2,593,679,187,388,-177,-448,-111,-243,-177,-446,-172,-445
a555,other,0,593,174,187,388,-177,-448,-215,-436,-177,-446,-172,-445
a556,other,6,593,622,187,388,-177,-448,-308,-558,-177,-446,-172,-445
a557,other,0,593,79,187,388,-177,-448,-424,-396,-177,-446,-172,-445
a558,other,7,593,187,187,388,-177,-448,-177,-446,-177,-446,-172,-445
a559,other,6,593,379,187,388,-177,-448,-181,-308,-177,-446,-172,-445
a560,other,1,593,176,187,388,-177,-448,-199,-488,-177,-446,-172,-445
a561,other,1,593,75,187,388,-177,-448,-143,-411,-177,-446,-172,-445
a562,other,8,593,187,187,388,-177,-448,-177,-446,-177,-446,-172,-445
a563,other,2,593,540,187,388,-177,-448,91,-440,-177,-446,-172,-445
a564,other,1,593,118,187,388,-177,-448,-143,-373,-177,-446,-172,-445
a565,other,3,593,379,187,388,-177,-448,-181,-308,-177,-446,-172,-445
a566,other,8,593,187,187,388,-177,-448,-177,-446,-177,-446,-172,-445
a567,other,7,1148,869,869,864,-102,-516,-91,-504,-91,-504,-87,-500
a568,other,2,1148,513,869,864,-102,-516,-438,-122,-91,-504,-87,-500
a569,other,0,1148,176,869,864,-102,-516,-199,-488,-91,-504,-87,-500
a570,other,3,447,277,128,877,-4,-473,-353,-437,30,-419,-84,-462
a571,other,1,447,229,128,877,-4,-473,-319,-409,30,-419,-84,-462
a572,other,6,447,572,128,877,-4,-473,-412,-543,30,-419,-84,-462
a573,other,6,447,308,128,877,-4,-473,-345,-263,30,-419,-84,-462
a574,other,8,500,128,128,877,-6,-470,30,-419,30,-419,-84,-462
a575,other,5,852,576,732,508,-300,-424,-413,-538,-304,-401,-309,-459
a576,other,5,852,728,732,508,-300,-424,-183,-308,-304,-401,-309,-459
a577,other,5,852,294,732,508,-300,-424,-363,-264,-304,-401,-309,-459
a578,other,4,852,560,732,508,-300,-424,-344,-265,-304,-401,-309,-459
a579,other,5,852,490,732,508,-300,-424,-243,-380,-304,-401,-309,-459
a580,other,5,804,527,760,770,-417,-460,-509,-160,-456,-438,-373,-441
a581,other,6,804,513,760,770,-417,-460,-438,-122,-456,-438,-373,-441
a582,other,6,1194,525,869,864,-100,-503,-524,-197,-91,-504,-87,-500
a583,other,6,465,679,365,687,-85,-359,-111,-243,-94,-366,-101,-381
a584,other,2,465,534,365,687,-85,-359,-544,-52,-94,-366,-101,-381
a585,other,2,465,500,365,687,-85,-359,-336,-355,-94,-366,-101,-381
a586,other,6,465,595,365,687,-85,-359,-333,-446,-94,-366,-101,-381
a587,other,8,1023,495,495,187,-239,-454,-214,-409,-214,-409,-177,-446
a588,other,8,1023,495,495,187,-239,-454,-214,-409,-214,-409,-177,-446
a589,other,0,1023,75,495,187,-239,-454,-143,-411,-214,-409,-177,-446
a590,other,6,1023,598,495,187,-239,-454,-347,-441,-214,-409,-177,-446
a591,other,0,1023,75,495,187,-239,-454,-143,-411,-214,-409,-177,-446
a592,other,6,1023,406,495,187,-239,-454,-211,-305,-214,-409,-177,-446
a593,other,5,1023,307,495,187,-239,-454,-181,-351,-214,-409,-177,-446
a594,other,5,1023,595,495,187,-239,-454,-333,-446,-214,-409,-177,-446
a595,other,5,1023,640,495,187,-239,-454,31,-294,-214,-409,-177,-446
a596,other,3,1023,262,495,187,-239,-454,-354,-433,-214,-409,-177,-446
a597,other,7,1023,495,495,187,-239,-454,-214,-409,-214,-409,-177,-446
a598,other,6,1023,563,495,187,-239,-454,-362,-258,-214,-409,-177,-446
a599,other,3,1023,448,495,187,-239,-454,-188,-338,-214,-409,-177,-446
a600,other,2,1023,379,495,187,-239,-454,-181,-308,-214,-409,-177,-446
a601,other,0,1023,122,495,187,-239,-454,-102,-303,-214,-409,-177,-446
a602,other,2,1023,403,495,187,-239,-454,-181,-343,-214,-409,-177,-446
a603,other,1,1023,77,495,187,-239,-454,-212,-400,-214,-409,-177,-446
a604,other,4,1023,576,495,187,-239,-454,-413,-538,-214,-409,-177,-446
a605,other,0,1023,129,495,187,-239,-454,-496,-307,-214,-409,-177,-446
a606,other,5,1023,386,495,187,-239,-454,-186,-341,-214,-409,-177,-446
a607,other,5,1023,527,495,187,-239,-454,-509,-160,-214,-409,-177,-446
a608,other,1,1023,229,495,187,-239,-454,-319,-409,-214,-409,-177,-446
a609,other,8,1023,495,495,187,-239,-454,-214,-409,-214,-409,-177,-446
a610,other,0,1230,75,889,880,-92,-482,-143,-411,-101,-486,-89,-493
a611,other,2,1230,386,889,880,-92,-482,-186,-341,-101,-486,-89,-493
a612,other,3,1230,540,889,880,-92,-482,91,-440,-101,-486,-89,-493
a613,other,6,1253,448,877,889,-93,-473,-188,-338,-84,-462,-101,-486
a614,other,6,1253,728,877,889,-93,-473,-183,-308,-84,-462,-101,-486
a615,other,3,1253,440,877,889,-93,-473,-223,-318,-84,-462,-101,-486
a616,other,2,1253,647,877,889,-93,-473,31,-273,-84,-462,-101,-486
a617,other,1,363,77,877,1055,-25,-460,-212,-400,-84,-462,-86,-438
a618,other,1,363,124,877,1055,-25,-460,-375,-313,-84,-462,-86,-438
a619,other,7,363,877,877,1055,-25,-460,-84,-462,-84,-462,-86,-438
a620,other,6,1504,640,1055,877,-97,-442,31,-294,-86,-438,-84,-462
a621,other,0,1832,176,259,187,-187,-526,-199,-488,-193,-540,-177,-446
a622,other,7,1832,259,259,187,-187,-526,-193,-540,-193,-540,-177,-446
a623,other,5,1832,627,259,187,-187,-526,-312,-566,-193,-540,-177,-446
a624,other,5,1832,440,259,187,-187,-526,-223,-318,-193,-540,-177,-446
a625,other,2,1832,262,259,187,-187,-526,-354,-433,-193,-540,-177,-446
a626,other,0,1832,135,259,187,-187,-526,-425,-372,-193,-540,-177,-446
a627,other,6,1832,560,259,187,-187,-526,-344,-265,-193,-540,-177,-446
a628,other,1,1832,124,259,187,-187,-526,-375,-313,-193,-540,-177,-446
a629,other,5,1832,673,259,187,-187,-526,-81,-232,-193,-540,-177,-446
a630,other,7,1832,259,259,187,-187,-526,-193,-540,-193,-540,-177,-446
a631,other,3,1625,497,1011,889,-129,-492,-501,-280,-123,-476,-101,-486
a632,other,0,147,135,724,380,-413,-399,-425,-372,-463,-399,-388,-354
a633,other,2,147,560,724,380,-413,-399,-344,-265,-463,-399,-388,-354
a634,other,4,1016,517,259,187,-215,-515,-515,-202,-193,-540,-177,-446
a635,other,1,1796,77,1011,328,-135,-463,-212,-400,-123,-476,-166,-446
a636,other,8,1796,1011,1011,328,-135,-463,-123,-476,-123,-476,-166,-446
a637,other,6,1796,277,1011,328,-135,-463,-353,-437,-123,-476,-166,-446
a638,other,8,14,877,877,128,-22,-454,-84,-462,-84,-462,30,-419
a639,other,3,14,486,877,128,-22,-454,258,56,-84,-462,30,-419
a640,other,5,14,627,877,128,-22,-454,-312,-566,-84,-462,30,-419
a641,other,4,14,486,877,128,-22,-454,258,56,-84,-462,30,-419
a642,other,1,14,129,877,128,-22,-454,-496,-307,-84,-462,30,-419
a643,other,4,14,427,877,128,-22,-454,-190,-328,-84,-462,30,-419
a644,other,1,14,229,877,128,-22,-454,-319,-409,-84,-462,30,-419
a645,other,0,14,174,877,128,-22,-454,-215,-436,-84,-462,30,-419
a646,other,7,14,877,877,128,-22,-454,-84,-462,-84,-462,30,-419
a647,other,4,14,534,877,128,-22,-454,-544,-52,-84,-462,30,-419
a648,other,3,14,540,877,128,-22,-454,91,-440,-84,-462,30,-419
a649,other,2,14,252,877,128,-22,-454,-208,-352,-84,-462,30,-419
a650,other,4,14,517,877,128,-22,-454,-515,-202,-84,-462,30,-419
a651,other,3,14,406,877,128,-22,-454,-211,-305,-84,-462,30,-419
a652,other,5,14,427,877,128,-22,-454,-190,-328,-84,-462,30,-419
a653,other,6,14,576,877,128,-22,-454,-413,-538,-84,-462,30,-419
a654,other,6,14,570,877,128,-22,-454,-413,-546,-84,-462,30,-419
a655,other,2,14,527,877,128,-22,-454,-509,-160,-84,-462,30,-419
a656,other,0,14,122,877,128,-22,-454,-102,-303,-84,-462,30,-419
a657,other,5,14,622,877,128,-22,-454,-308,-558,-84,-462,30,-419
a658,other,6,14,728,877,128,-22,-454,-183,-308,-84,-462,30,-419
a659,other,4,14,386,877,128,-22,-454,-186,-341,-84,-462,30,-419
a660,other,3,1792,513,1011,351,-154,-481,-438,-122,-123,-476,-168,-447
a661,other,4,1792,570,1011,351,-154,-481,-413,-546,-123,-476,-168,-447
a662,other,3,1792,641,1011,351,-154,-481,28,-294,-123,-476,-168,-447
a663,other,5,1792,513,1011,351,-154,-481,-438,-122,-123,-476,-168,-447
a664,other,3,1792,307,1011,351,-154,-481,-181,-351,-123,-476,-168,-447
a665,other,1,1792,129,1011,351,-154,-481,-496,-307,-123,-476,-168,-447
a666,other,7,1792,1011,1011,351,-154,-481,-123,-476,-123,-476,-168,-447
a667,other,6,1792,379,1011,351,-154,-481,-181,-308,-123,-476,-168,-447
a668,other,5,1792,722,1011,351,-154,-481,-80,-487,-123,-476,-168,-447
a669,other,4,1792,440,1011,351,-154,-481,-223,-318,-123,-476,-168,-447
a670,other,3,1792,471,1011,351,-154,-481,302,104,-123,-476,-168,-447
a671,other,6,1792,500,1011,351,-154,-481,-336,-355,-123,-476,-168,-447
a672,other,0,1792,176,1011,351,-154,-481,-199,-488,-123,-476,-168,-447
a673,other,1,1792,89,1011,351,-154,-481,-425,-360,-123,-476,-168,-447
a674,other,1,1792,77,1011,351,-154,-481,-212,-400,-123,-476,-168,-447
a675,other,6,1792,494,1011,351,-154,-481,-246,-380,-123,-476,-168,-447
a676,other,4,1792,386,1011,351,-154,-481,-186,-341,-123,-476,-168,-447
a677,other,1,1792,174,1011,351,-154,-481,-215,-436,-123,-476,-168,-447
a678,other,2,1792,448,1011,351,-154,-481,-188,-338,-123,-476,-168,-447
a679,other,3,1792,259,1011,351,-154,-481,-357,-425,-123,-476,-168,-447
a680,other,3,1792,728,1011,351,-154,-481,-183,-308,-123,-476,-168,-447
a681,other,2,1792,341,1011,351,-154,-481,-87,-487,-123,-476,-168,-447
a682,other,6,1792,259,1011,351,-154,-481,-357,-425,-123,-476,-168,-447
a683,other,2,1792,658,1011,351,-154,-481,-95,-241,-123,-476,-168,-447
a684,other,0,654,77,215,19,-296,-333,-212,-400,-305,-356,-296,-361
a685,other,8,654,215,215,19,-296,-333,-305,-356,-305,-356,-296,-361
a686,other,0,737,229,724,760,-467,-406,-319,-409,-463,-399,-456,-438
a687,other,5,1280,641,877,889,-94,-464,28,-294,-84,-462,-101,-486
a688,other,1,1280,118,877,889,-94,-464,-143,-373,-84,-462,-101,-486
a689,other,7,1280,877,877,889,-94,-464,-84,-462,-84,-462,-101,-486
a690,other,5,1071,336,889,869,-109,-498,-336,-262,-101,-486,-91,-504
a691,other,6,1071,308,889,869,-109,-498,-345,-263,-101,-486,-91,-504
a692,other,5,1071,647,889,869,-109,-498,31,-273,-101,-486,-91,-504
a693,other,1,1903,79,328,351,-156,-457,-424,-396,-166,-446,-168,-447
a694,other,3,1903,307,328,351,-156,-457,-181,-351,-166,-446,-168,-447
a695,other,3,1903,490,328,351,-156,-457,-243,-380,-166,-446,-168,-447
a696,other,7,1903,328,328,351,-156,-457,-166,-446,-166,-446,-168,-447
a697,other,1,1903,118,328,351,-156,-457,-143,-373,-166,-446,-168,-447
a698,other,7,1903,328,328,351,-156,-457,-166,-446,-166,-446,-168,-447
a699,other,5,1903,525,328,351,-156,-457,-524,-197,-166,-446,-168,-447
a700,other,4,1903,534,328,351,-156,-457,-544,-52,-166,-446,-168,-447
a701,other,6,1903,627,328,351,-156,-457,-312,-566,-166,-446,-168,-447
a702,other,2,1903,622,328,351,-156,-457,-308,-558,-166,-446,-168,-447
a703,other,1,1903,77,328,351,-156,-457,-212,-400,-166,-446,-168,-447
a704,other,7,1903,328,328,351,-156,-457,-166,-446,-166,-446,-168,-447
a705,other,3,1903,259,328,351,-156,-457,-357,-425,-166,-446,-168,-447
a706,other,7,1903,328,328,351,-156,-457,-166,-446,-166,-446,-168,-447
a707,other,6,1903,294,328,351,-156,-457,-363,-264,-166,-446,-168,-447
a708,other,0,1903,75,328,351,-156,-457,-143,-411,-166,-446,-168,-447
a709,other,5,1903,490,328,351,-156,-457,-243,-380,-166,-446,-168,-447
a710,other,8,1903,328,328,351,-156,-457,-166,-446,-166,-446,-168,-447
a711,other,6,1903,259,328,351,-156,-457,-357,-425,-166,-446,-168,-447
a712,other,4,1903,540,328,351,-156,-457,91,-440,-166,-446,-168,-447
a713,other,1,1903,176,328,351,-156,-457,-199,-488,-166,-446,-168,-447
a714,other,7,1903,328,328,351,-156,-457,-166,-446,-166,-446,-168,-447
a715,other,4,1903,497,328,351,-156,-457,-501,-280,-166,-446,-168,-447
a716,other,1,899,135,1033,229,7,-347,-425,-372,-12,-357,30,-290
a717,other,5,899,427,1033,229,7,-347,-190,-328,-12,-357,30,-290
a718,other,8,251,988,988,970,-134,-444,-132,-420,-132,-420,-126,-415
a719,other,1,251,135,988,970,-134,-444,-425,-372,-132,-420,-126,-415
a720,other,6,791,598,219,502,-332,-385,-347,-441,-343,-388,-347,-404
a721,other,5,791,540,219,502,-332,-385,91,-440,-343,-388,-347,-404
a722,other,7,1208,869,869,864,-101,-501,-91,-504,-91,-504,-87,-500
a723,other,3,1208,679,869,864,-101,-501,-111,-243,-91,-504,-87,-500
a724,other,5,1703,291,1011,889,-131,-488,-122,-364,-123,-476,-101,-486
a725,other,0,1703,229,1011,889,-131,-488,-319,-409,-123,-476,-101,-486
a726,other,5,1703,679,1011,889,-131,-488,-111,-243,-123,-476,-101,-486
a727,other,1,1703,176,1011,889,-131,-488,-199,-488,-123,-476,-101,-486
a728,other,2,1607,622,1011,351,-152,-483,-308,-558,-123,-476,-168,-447
a729,other,5,1607,641,1011,351,-152,-483,28,-294,-123,-476,-168,-447
a730,other,4,1607,595,1011,351,-152,-483,-333,-446,-123,-476,-168,-447
a731,other,3,1607,471,1011,351,-152,-483,302,104,-123,-476,-168,-447
a732,other,5,1607,728,1011,351,-152,-483,-183,-308,-123,-476,-168,-447
a733,other,0,1607,135,1011,351,-152,-483,-425,-372,-123,-476,-168,-447
a734,other,7,1607,1011,1011,351,-152,-483,-123,-476,-123,-476,-168,-447
a735,other,2,1607,627,1011,351,-152,-483,-312,-566,-123,-476,-168,-447
a736,other,8,1607,1011,1011,351,-152,-483,-123,-476,-123,-476,-168,-447
a737,other,7,1607,1011,1011,351,-152,-483,-123,-476,-123,-476,-168,-447
a738,other,0,1607,124,1011,351,-152,-483,-375,-313,-123,-476,-168,-447
a739,other,3,1607,441,1011,351,-152,-483,-185,-338,-123,-476,-168,-447
a740,other,1,1607,91,1011,351,-152,-483,-423,-369,-123,-476,-168,-447
a741,other,3,1607,403,1011,351,-152,-483,-181,-343,-123,-476,-168,-447
a742,other,2,1607,679,1011,351,-152,-483,-111,-243,-123,-476,-168,-447
a743,other,2,1607,448,1011,351,-152,-483,-188,-338,-123,-476,-168,-447
a744,other,6,1607,430,1011,351,-152,-483,-215,-289,-123,-476,-168,-447
a745,other,0,1607,135,1011,351,-152,-483,-425,-372,-123,-476,-168,-447
a746,other,6,1607,647,1011,351,-152,-483,31,-273,-123,-476,-168,-447
a747,other,7,1607,1011,1011,351,-152,-483,-123,-476,-123,-476,-168,-447
a748,other,5,1607,336,1011,351,-152,-483,-336,-262,-123,-476,-168,-447
a749,other,2,1607,294,1011,351,-152,-483,-363,-264,-123,-476,-168,-447
a750,other,2,1607,448,1011,351,-152,-483,-188,-338,-123,-476,-168,-447
a751,other,6,1607,403,1011,351,-152,-483,-181,-343,-123,-476,-168,-447
a752,other,1,1755,174,1011,988,-127,-456,-215,-436,-123,-476,-132,-420
a753,other,6,323,598,128,877,-20,-455,-347,-441,30,-419,-84,-462
a754,other,7,323,128,128,877,-20,-455,30,-419,30,-419,-84,-462
a755,other,7,323,128,128,877,-20,-455,30,-419,30,-419,-84,-462
a756,other,0,323,122,128,877,-20,-455,-102,-303,30,-419,-84,-462
a757,other,1,323,89,128,877,-20,-455,-425,-360,30,-419,-84,-462
a758,other,6,323,341,128,877,-20,-455,-87,-487,30,-419,-84,-462
a759,other,6,323,406,128,877,-20,-455,-211,-305,30,-419,-84,-462
a760,other,7,323,128,128,877,-20,-455,30,-419,30,-419,-84,-462
a761,other,5,323,576,128,877,-20,-455,-413,-538,30,-419,-84,-462
a762,other,4,323,647,128,877,-20,-455,31,-273,30,-419,-84,-462
a763,other,5,323,513,128,877,-20,-455,-438,-122,30,-419,-84,-462
a764,other,3,323,483,128,877,-20,-455,258,53,30,-419,-84,-462
a765,other,2,323,560,128,877,-20,-455,-344,-265,30,-419,-84,-462
a766,other,6,323,722,128,877,-20,-455,-80,-487,30,-419,-84,-462
a767,other,3,323,294,128,877,-20,-455,-363,-264,30,-419,-84,-462
a768,other,4,323,440,128,877,-20,-455,-223,-318,30,-419,-84,-462
a769,other,1,323,79,128,877,-20,-455,-424,-396,30,-419,-84,-462
a770,other,2,323,722,128,877,-20,-455,-80,-487,30,-419,-84,-462
a771,other,6,323,658,128,877,-20,-455,-95,-241,30,-419,-84,-462
a772,other,7,323,128,128,877,-20,-455,30,-419,30,-419,-84,-462
a773,other,8,323,128,128,877,-20,-455,30,-419,30,-419,-84,-462
a774,other,5,323,622,128,877,-20,-455,-308,-558,30,-419,-84,-462
a775,other,6,323,525,128,877,-20,-455,-524,-197,30,-419,-84,-462
a776,other,6,323,441,128,877,-20,-455,-185,-338,30,-419,-84,-462
a777,other,5,323,500,128,877,-20,-455,-336,-355,30,-419,-84,-462
a778,other,1,323,77,128,877,-20,-455,-212,-400,30,-419,-84,-462
a779,other,4,323,403,128,877,-20,-455,-181,-343,30,-419,-84,-462
a780,other,6,323,534,128,877,-20,-455,-544,-52,30,-419,-84,-462
a781,other,5,323,336,128,877,-20,-455,-336,-262,30,-419,-84,-462
a782,other,0,323,135,128,877,-20,-455,-425,-372,30,-419,-84,-462
a783,other,7,323,128,128,877,-20,-455,30,-419,30,-419,-84,-462
a784,other,3,323,722,128,877,-20,-455,-80,-487,30,-419,-84,-462
a785,other,8,323,128,128,877,-20,-455,30,-419,30,-419,-84,-462
a786,other,1,323,135,128,877,-20,-455,-425,-372,30,-419,-84,-462
a787,other,2,323,595,128,877,-20,-455,-333,-446,30,-419,-84,-462
a788,other,3,323,534,128,877,-20,-455,-544,-52,30,-419,-84,-462
a789,other,0,323,229,128,877,-20,-455,-319,-409,30,-419,-84,-462
a790,other,5,323,647,128,877,-20,-455,31,-273,30,-419,-84,-462
a791,other,3,323,570,128,877,-20,-455,-413,-546,30,-419,-84,-462
a792,other,0,323,229,128,877,-20,-455,-319,-409,30,-419,-84,-462
a793,other,3,323,295,128,877,-20,-455,-364,-258,30,-419,-84,-462
a794,other,5,323,500,128,877,-20,-455,-336,-355,30,-419,-84,-462
a795,other,5,323,262,128,877,-20,-455,-354,-433,30,-419,-84,-462
a796,other,2,323,427,128,877,-20,-455,-190,-328,30,-419,-84,-462
a797,other,3,323,595,128,877,-20,-455,-333,-446,30,-419,-84,-462
a798,other,4,323,527,128,877,-20,-455,-509,-160,30,-419,-84,-462
a799,other,8,323,128,128,877,-20,-455,30,-419,30,-419,-84,-462
a800,other,1,323,124,128,877,-20,-455,-375,-313,30,-419,-84,-462
a801,other,7,323,128,128,877,-20,-455,30,-419,30,-419,-84,-462
a802,other,7,323,128,128,877,-20,-455,30,-419,30,-419,-84,-462
a803,other,2,323,262,128,877,-20,-455,-354,-433,30,-419,-84,-462
a804,other,4,323,640,128,877,-20,-455,31,-294,30,-419,-84,-462
a805,other,3,323,341,128,877,-20,-455,-87,-487,30,-419,-84,-462
a806,other,7,323,128,128,877,-20,-455,30,-419,30,-419,-84,-462
a807,other,6,323,483,128,877,-20,-455,258,53,30,-419,-84,-462
a808,other,1,323,176,128,877,-20,-455,-199,-488,30,-419,-84,-462
a809,other,3,323,647,128,877,-20,-455,31,-273,30,-419,-84,-462
a810,other,7,323,128,128,877,-20,-455,30,-419,30,-419,-84,-462
a811,other,0,323,122,128,877,-20,-455,-102,-303,30,-419,-84,-462
a812,other,3,323,647,128,877,-20,-455,31,-273,30,-419,-84,-462
a813,other,4,323,570,128,877,-20,-455,-413,-546,30,-419,-84,-462
a814,other,1,323,135,128,877,-20,-455,-425,-372,30,-419,-84,-462
a815,other,0,323,174,128,877,-20,-455,-215,-436,30,-419,-84,-462
a816,other,2,323,560,128,877,-20,-455,-344,-265,30,-419,-84,-462
a817,other,4,323,341,128,877,-20,-455,-87,-487,30,-419,-84,-462
a818,other,2,323,490,128,877,-20,-455,-243,-380,30,-419,-84,-462
a819,other,3,323,560,128,877,-20,-455,-344,-265,30,-419,-84,-462
a820,other,3,323,598,128,877,-20,-455,-347,-441,30,-419,-84,-462
a821,other,2,323,403,128,877,-20,-455,-181,-343,30,-419,-84,-462
a822,other,1,323,122,128,877,-20,-455,-102,-303,30,-419,-84,-462
a823,other,3,323,627,128,877,-20,-455,-312,-566,30,-419,-84,-462
a824,other,3,323,277,128,877,-20,-455,-353,-437,30,-419,-84,-462
a825,other,3,323,336,128,877,-20,-455,-336,-262,30,-419,-84,-462
a826,other,8,323,128,128,877,-20,-455,30,-419,30,-419,-84,-462
a827,other,8,323,128,128,877,-20,-455,30,-419,30,-419,-84,-462
a828,other,4,323,406,128,877,-20,-455,-211,-305,30,-419,-84,-462
a829,other,5,323,728,128,877,-20,-455,-183,-308,30,-419,-84,-462
a830,other,0,323,174,128,877,-20,-455,-215,-436,30,-419,-84,-462
a831,other,5,323,440,128,877,-20,-455,-223,-318,30,-419,-84,-462
a832,other,6,323,494,128,877,-20,-455,-246,-380,30,-419,-84,-462
a833,other,8,323,128,128,877,-20,-455,30,-419,30,-419,-84,-462
a834,other,2,323,627,128,877,-20,-455,-312,-566,30,-419,-84,-462
a835,other,4,323,336,128,877,-20,-455,-336,-262,30,-419,-84,-462
a836,other,7,323,128,128,877,-20,-455,30,-419,30,-419,-84,-462
a837,other,5,323,722,128,877,-20,-455,-80,-487,30,-419,-84,-462
a838,other,0,323,79,128,877,-20,-455,-424,-396,30,-419,-84,-462
a839,other,8,323,128,128,877,-20,-455,30,-419,30,-419,-84,-462
a840,other,3,323,403,128,877,-20,-455,-181,-343,30,-419,-84,-462
a841,other,1,323,79,128,877,-20,-455,-424,-396,30,-419,-84,-462
a842,other,1,323,174,128,877,-20,-455,-215,-436,30,-419,-84,-462
a843,other,3,323,497,128,877,-20,-455,-501,-280,30,-419,-84,-462
a844,other,4,323,598,128,877,-20,-455,-347,-441,30,-419,-84,-462
a845,other,3,323,517,128,877,-20,-455,-515,-202,30,-419,-84,-462
a846,other,3,323,722,128,877,-20,-455,-80,-487,30,-419,-84,-462
a847,other,3,323,406,128,877,-20,-455,-211,-305,30,-419,-84,-462
a848,other,6,323,277,128,877,-20,-455,-353,-437,30,-419,-84,-462
a849,other,1,323,176,128,877,-20,-455,-199,-488,30,-419,-84,-462
a850,other,6,323,259,128,877,-20,-455,-357,-425,30,-419,-84,-462
a851,other,2,323,647,128,877,-20,-455,31,-273,30,-419,-84,-462
a852,other,6,323,641,128,877,-20,-455,28,-294,30,-419,-84,-462
a853,other,5,323,560,128,877,-20,-455,-344,-265,30,-419,-84,-462
a854,other,2,323,534,128,877,-20,-455,-544,-52,30,-419,-84,-462
a855,other,2,323,560,128,877,-20,-455,-344,-265,30,-419,-84,-462
a856,other,3,323,490,128,877,-20,-455,-243,-380,30,-419,-84,-462
a857,other,0,323,176,128,877,-20,-455,-199,-488,30,-419,-84,-462
a858,other,5,323,262,128,877,-20,-455,-354,-433,30,-419,-84,-462
a859,other,7,323,128,128,877,-20,-455,30,-419,30,-419,-84,-462
a860,other,4,323,483,128,877,-20,-455,258,53,30,-419,-84,-462
a861,other,7,323,128,128,877,-20,-455,30,-419,30,-419,-84,-462
a862,other,0,323,118,128,877,-20,-455,-143,-373,30,-419,-84,-462
a863,other,2,323,525,128,877,-20,-455,-524,-197,30,-419,-84,-462
a864,other,1,323,122,128,877,-20,-455,-102,-303,30,-419,-84,-462
a865,other,2,323,441,128,877,-20,-455,-185,-338,30,-419,-84,-462
a866,other,3,323,406,128,877,-20,-455,-211,-305,30,-419,-84,-462
a867,other,2,323,406,128,877,-20,-455,-211,-305,30,-419,-84,-462
a868,other,0,323,75,128,877,-20,-455,-143,-411,30,-419,-84,-462
a869,other,3,323,430,128,877,-20,-455,-215,-289,30,-419,-84,-462
a870,other,3,323,262,128,877,-20,-455,-354,-433,30,-419,-84,-462
a871,other,3,323,527,128,877,-20,-455,-509,-160,30,-419,-84,-462
a872,other,8,323,128,128,877,-20,-455,30,-419,30,-419,-84,-462
a873,other,7,323,128,128,877,-20,-455,30,-419,30,-419,-84,-462
a874,other,1,323,135,128,877,-20,-455,-425,-372,30,-419,-84,-462
a875,other,7,323,128,128,877,-20,-455,30,-419,30,-419,-84,-462
a876,other,4,323,295,128,877,-20,-455,-364,-258,30,-419,-84,-462
a877,other,1,323,91,128,877,-20,-455,-423,-369,30,-419,-84,-462
a878,other,0,323,79,128,877,-20,-455,-424,-396,30,-419,-84,-462
a879,other,8,323,128,128,877,-20,-455,30,-419,30,-419,-84,-462
a880,other,4,323,403,128,877,-20,-455,-181,-343,30,-419,-84,-462
a881,other,2,323,259,128,877,-20,-455,-357,-425,30,-419,-84,-462
a882,other,1,323,129,128,877,-20,-455,-496,-307,30,-419,-84,-462
a883,other,6,323,679,128,877,-20,-455,-111,-243,30,-419,-84,-462
a884,other,4,323,560,128,877,-20,-455,-344,-265,30,-419,-84,-462
a885,other,2,323,728,128,877,-20,-455,-183,-308,30,-419,-84,-462
a886,other,4,323,572,128,877,-20,-455,-412,-543,30,-419,-84,-462
a887,other,1,323,135,128,877,-20,-455,-425,-372,30,-419,-84,-462
a888,other,1,323,124,128,877,-20,-455,-375,-313,30,-419,-84,-462
a889,other,2,323,525,128,877,-20,-455,-524,-197,30,-419,-84,-462
a890,other,1,323,124,128,877,-20,-455,-375,-313,30,-419,-84,-462
a891,other,1,323,176,128,877,-20,-455,-199,-488,30,-419,-84,-462
a892,other,4,323,406,128,877,-20,-455,-211,-305,30,-419,-84,-462
a893,other,3,323,641,128,877,-20,-455,28,-294,30,-419,-84,-462
a894,other,8,323,128,128,877,-20,-455,30,-419,30,-419,-84,-462
a895,other,2,323,441,128,877,-20,-455,-185,-338,30,-419,-84,-462
a896,other,2,323,540,128,877,-20,-455,91,-440,30,-419,-84,-462
a897,other,5,323,673,128,877,-20,-455,-81,-232,30,-419,-84,-462
a898,other,7,323,128,128,877,-20,-455,30,-419,30,-419,-84,-462
a899,other,7,323,128,128,877,-20,-455,30,-419,30,-419,-84,-462
a900,other,8,323,128,128,877,-20,-455,30,-419,30,-419,-84,-462
a901,other,1,323,91,128,877,-20,-455,-423,-369,30,-419,-84,-462
a902,other,5,323,406,128,877,-20,-455,-211,-305,30,-419,-84,-462
a903,other,6,323,291,128,877,-20,-455,-122,-364,30,-419,-84,-462
a904,other,2,323,295,128,877,-20,-455,-364,-258,30,-419,-84,-462
a905,other,8,323,128,128,877,-20,-455,30,-419,30,-419,-84,-462
a906,other,0,323,122,128,877,-20,-455,-102,-303,30,-419,-84,-462
a907,other,2,323,483,128,877,-20,-455,258,53,30,-419,-84,-462
a908,other,1,323,176,128,877,-20,-455,-199,-488,30,-419,-84,-462
a909,other,7,323,128,128,877,-20,-455,30,-419,30,-419,-84,-462
a910,other,7,323,128,128,877,-20,-455,30,-419,30,-419,-84,-462
a911,other,8,323,128,128,877,-20,-455,30,-419,30,-419,-84,-462
a912,other,2,323,448,128,877,-20,-455,-188,-338,30,-419,-84,-462
a913,other,0,323,174,128,877,-20,-455,-215,-436,30,-419,-84,-462
a914,other,3,323,540,128,877,-20,-455,91,-440,30,-419,-84,-462
a915,other,8,323,128,128,877,-20,-455,30,-419,30,-419,-84,-462
a916,other,5,323,627,128,877,-20,-455,-312,-566,30,-419,-84,-462
a917,other,8,323,128,128,877,-20,-455,30,-419,30,-419,-84,-462
a918,other,5,323,295,128,877,-20,-455,-364,-258,30,-419,-84,-462
a919,other,2,323,560,128,877,-20,-455,-344,-265,30,-419,-84,-462
a920,other,3,323,525,128,877,-20,-455,-524,-197,30,-419,-84,-462
a921,other,4,323,598,128,877,-20,-455,-347,-441,30,-419,-84,-462
a922,other,1,323,129,128,877,-20,-455,-496,-307,30,-419,-84,-462
a923,other,4,323,598,128,877,-20,-455,-347,-441,30,-419,-84,-462
a924,other,1,323,91,128,877,-20,-455,-423,-369,30,-419,-84,-462
a925,other,5,323,295,128,877,-20,-455,-364,-258,30,-419,-84,-462
a926,other,6,323,259,128,877,-20,-455,-357,-425,30,-419,-84,-462
a927,other,2,323,379,128,877,-20,-455,-181,-308,30,-419,-84,-462
a928,other,5,323,525,128,877,-20,-455,-524,-197,30,-419,-84,-462
a929,other,4,323,525,128,877,-20,-455,-524,-197,30,-419,-84,-462
a930,other,2,323,486,128,877,-20,-455,258,56,30,-419,-84,-462
a931,other,1,323,118,128,877,-20,-455,-143,-373,30,-419,-84,-462
a932,other,3,323,527,128,877,-20,-455,-509,-160,30,-419,-84,-462
a933,other,4,323,513,128,877,-20,-455,-438,-122,30,-419,-84,-462
a934,other,6,323,440,128,877,-20,-455,-223,-318,30,-419,-84,-462
a935,other,6,323,262,128,877,-20,-455,-354,-433,30,-419,-84,-462
a936,other,3,323,490,128,877,-20,-455,-243,-380,30,-419,-84,-462
a937,other,5,323,673,128,877,-20,-455,-81,-232,30,-419,-84,-462
a938,other,8,323,128,128,877,-20,-455,30,-419,30,-419,-84,-462
a939,other,6,323,262,128,877,-20,-455,-354,-433,30,-419,-84,-462
a940,other,3,323,295,128,877,-20,-455,-364,-258,30,-419,-84,-462
a941,other,5,323,497,128,877,-20,-455,-501,-280,30,-419,-84,-462
a942,other,0,323,174,128,877,-20,-455,-215,-436,30,-419,-84,-462
a943,other,2,323,595,128,877,-20,-455,-333,-446,30,-419,-84,-462
a944,other,7,323,128,128,877,-20,-455,30,-419,30,-419,-84,-462
a945,other,3,323,722,128,877,-20,-455,-80,-487,30,-419,-84,-462
a946,other,8,323,128,128,877,-20,-455,30,-419,30,-419,-84,-462
a947,other,7,323,128,128,877,-20,-455,30,-419,30,-419,-84,-462
a948,other,4,323,291,128,877,-20,-455,-122,-364,30,-419,-84,-462
a949,other,0,323,229,128,877,-20,-455,-319,-409,30,-419,-84,-462
a950,other,8,323,128,128,877,-20,-455,30,-419,30,-419,-84,-462
a951,other,4,323,471,128,877,-20,-455,302,104,30,-419,-84,-462
a952,other,8,323,128,128,877,-20,-455,30,-419,30,-419,-84,-462
a953,other,0,323,89,128,877,-20,-455,-425,-360,30,-419,-84,-462
a954,other,3,323,728,128,877,-20,-455,-183,-308,30,-419,-84,-462
a955,other,2,323,679,128,877,-20,-455,-111,-243,30,-419,-84,-462
a956,other,0,323,174,128,877,-20,-455,-215,-436,30,-419,-84,-462
a957,other,3,323,471,128,877,-20,-455,302,104,30,-419,-84,-462
a958,other,5,323,572,128,877,-20,-455,-412,-543,30,-419,-84,-462
a959,other,0,323,77,128,877,-20,-455,-212,-400,30,-419,-84,-462
a960,other,4,323,341,128,877,-20,-455,-87,-487,30,-419,-84,-462
a961,other,0,323,176,128,877,-20,-455,-199,-488,30,-419,-84,-462
a962,other,5,323,277,128,877,-20,-455,-353,-437,30,-419,-84,-462
a963,other,1,323,79,128,877,-20,-455,-424,-396,30,-419,-84,-462
a964,other,3,323,540,128,877,-20,-455,91,-440,30,-419,-84,-462
a965,other,0,323,91,128,877,-20,-455,-423,-369,30,-419,-84,-462
a966,other,5,323,673,128,877,-20,-455,-81,-232,30,-419,-84,-462
a967,other,2,323,497,128,877,-20,-455,-501,-280,30,-419,-84,-462
a968,other,6,323,497,128,877,-20,-455,-501,-280,30,-419,-84,-462
a969,other,7,323,128,128,877,-20,-455,30,-419,30,-419,-84,-462
a970,other,1,323,135,128,877,-20,-455,-425,-372,30,-419,-84,-462
a971,other,2,323,427,128,877,-20,-455,-190,-328,30,-419,-84,-462
a972,other,6,323,673,128,877,-20,-455,-81,-232,30,-419,-84,-462
a973,other,6,323,379,128,877,-20,-455,-181,-308,30,-419,-84,-462
a974,other,3,323,570,128,877,-20,-455,-413,-546,30,-419,-84,-462
a975,other,1,323,129,128,877,-20,-455,-496,-307,30,-419,-84,-462
a976,other,3,323,403,128,877,-20,-455,-181,-343,30,-419,-84,-462
a977,other,1,323,91,128,877,-20,-455,-423,-369,30,-419,-84,-462
a978,other,0,323,77,128,877,-20,-455,-212,-400,30,-419,-84,-462
a979,other,5,323,486,128,877,-20,-455,258,56,30,-419,-84,-462
a980,other,3,323,517,128,877,-20,-455,-515,-202,30,-419,-84,-462
a981,other,2,323,576,128,877,-20,-455,-413,-538,30,-419,-84,-462
a982,other,3,323,291,128,877,-20,-455,-122,-364,30,-419,-84,-462
a983,other,8,323,128,128,877,-20,-455,30,-419,30,-419,-84,-462
a984,other,5,323,441,128,877,-20,-455,-185,-338,30,-419,-84,-462
a985,other,3,323,679,128,877,-20,-455,-111,-243,30,-419,-84,-462
a986,other,6,323,490,128,877,-20,-455,-243,-380,30,-419,-84,-462
a987,other,4,323,307,128,877,-20,-455,-181,-351,30,-419,-84,-462
a988,other,2,323,570,128,877,-20,-455,-413,-546,30,-419,-84,-462
a989,other,1,323,135,128,877,-20,-455,-425,-372,30,-419,-84,-462
a990,other,7,323,128,128,877,-20,-455,30,-419,30,-419,-84,-462
a991,other,5,323,722,128,877,-20,-455,-80,-487,30,-419,-84,-462
a992,other,2,323,259,128,877,-20,-455,-357,-425,30,-419,-84,-462
a993,other,1,323,75,128,877,-20,-455,-143,-411,30,-419,-84,-462
a994,other,5,323,560,128,877,-20,-455,-344,-265,30,-419,-84,-462
a995,other,3,323,540,128,877,-20,-455,91,-440,30,-419,-84,-462
a996,other,4,323,430,128,877,-20,-455,-215,-289,30,-419,-84,-462
a997,other,5,323,647,128,877,-20,-455,31,-273,30,-419,-84,-462
a998,other,2,323,252,128,877,-20,-455,-208,-352,30,-419,-84,-462
a999,other,4,323,622,128,877,-20,-455,-308,-558,30,-419,-84,-462
a1000,other,2,323,291,128,877,-20,-455,-122,-364,30,-419,-84,-462
a1001,other,3,323,262,128,877,-20,-455,-354,-433,30,-419,-84,-462
a1002,other,6,323,640,128,877,-20,-455,31,-294,30,-419,-84,-462
a1003,other,1,323,79,128,877,-20,-455,-424,-396,30,-419,-84,-462
a1004,other,8,323,128,128,877,-20,-455,30,-419,30,-419,-84,-462
